USE ehotels;


-- =========================================================
-- HOTEL CHAINS
-- =========================================================
INSERT INTO hotel_chain (name, central_office_address, num_hotels) VALUES
('Luxury Stay Group', '100 King St W, Toronto, ON, Canada', 0),
('Comfort Inns Network', '200 Sparks St, Ottawa, ON, Canada', 0),
('Northern Suites', '300 Rue Sainte-Catherine, Montreal, QC, Canada', 0),
('Maple Leaf Hotels', '400 Granville St, Vancouver, BC, Canada', 0),
('Urban Escape Resorts', '500 8 Ave SW, Calgary, AB, Canada', 0);


-- =========================================================
-- CHAIN EMAILS
-- =========================================================
INSERT INTO chain_email (chain_id, email) VALUES
(1, 'contact@luxurystay.com'),
(1, 'support@luxurystay.com'),
(2, 'info@comfortinns.com'),
(2, 'booking@comfortinns.com'),
(3, 'hello@northernsuites.com'),
(3, 'support@northernsuites.com'),
(4, 'info@mapleleafhotels.com'),
(4, 'contact@mapleleafhotels.com'),
(5, 'hello@urbanescape.com'),
(5, 'reservations@urbanescape.com');


-- =========================================================
-- CHAIN PHONES
-- =========================================================
INSERT INTO chain_phone (chain_id, phone_number) VALUES
(1, '613-555-1001'),
(1, '613-555-1002'),
(2, '613-555-2001'),
(2, '613-555-2002'),
(3, '514-555-3001'),
(3, '514-555-3002'),
(4, '604-555-4001'),
(4, '604-555-4002'),
(5, '403-555-5001'),
(5, '403-555-5002');


-- =========================================================
-- HOTELS
-- =========================================================
INSERT INTO hotel (chain_id, name, address, city, state, postal_code, country, star_category, num_rooms) VALUES
(1, 'Luxury Stay Ottawa Downtown', '111 Wellington St, Ottawa', 'Ottawa', 'Ontario', 'K1A0A1', 'Canada', 5, 5),
(1, 'Luxury Stay Ottawa West', '112 Richmond Rd, Ottawa', 'Ottawa', 'Ontario', 'K2A0A2', 'Canada', 4, 5),
(1, 'Luxury Stay Toronto Central', '113 Bay St, Toronto', 'Toronto', 'Ontario', 'M5J2J5', 'Canada', 5, 5),
(1, 'Luxury Stay Toronto North', '114 Yonge St, Toronto', 'Toronto', 'Ontario', 'M5B1N8', 'Canada', 4, 5),
(1, 'Luxury Stay Montreal Centre', '115 Sherbrooke St W, Montreal', 'Montreal', 'Quebec', 'H3A1B9', 'Canada', 5, 5),
(1, 'Luxury Stay Vancouver Harbour', '116 Granville St, Vancouver', 'Vancouver', 'British Columbia', 'V6C1T2', 'Canada', 5, 5),
(1, 'Luxury Stay Calgary Plaza', '117 8 Ave SW, Calgary', 'Calgary', 'Alberta', 'T2P1B3', 'Canada', 4, 5),
(1, 'Luxury Stay Halifax Waterfront', '118 Barrington St, Halifax', 'Halifax', 'Nova Scotia', 'B3J1Y5', 'Canada', 3, 5),
(2, 'Comfort Inn Ottawa East', '211 Rideau St, Ottawa', 'Ottawa', 'Ontario', 'K1N5Y7', 'Canada', 3, 5),
(2, 'Comfort Inn Ottawa South', '212 Bank St, Ottawa', 'Ottawa', 'Ontario', 'K2P1X5', 'Canada', 4, 5),
(2, 'Comfort Inn Toronto West', '213 King St W, Toronto', 'Toronto', 'Ontario', 'M5H1J9', 'Canada', 3, 5),
(2, 'Comfort Inn Toronto East', '214 Queen St E, Toronto', 'Toronto', 'Ontario', 'M5A1S8', 'Canada', 4, 5),
(2, 'Comfort Inn Montreal Old Port', '215 Notre-Dame St W, Montreal', 'Montreal', 'Quebec', 'H2Y1T3', 'Canada', 3, 5),
(2, 'Comfort Inn Quebec City', '216 Grande Allée E, Quebec City', 'Quebec City', 'Quebec', 'G1R2H1', 'Canada', 4, 5),
(2, 'Comfort Inn Winnipeg Central', '217 Portage Ave, Winnipeg', 'Winnipeg', 'Manitoba', 'R3B2B3', 'Canada', 3, 5),
(2, 'Comfort Inn Edmonton Mall', '218 Jasper Ave, Edmonton', 'Edmonton', 'Alberta', 'T5J1N9', 'Canada', 4, 5),
(3, 'Northern Suites Montreal Downtown', '311 Peel St, Montreal', 'Montreal', 'Quebec', 'H3B2A1', 'Canada', 3, 5),
(3, 'Northern Suites Montreal North', '312 Saint-Denis St, Montreal', 'Montreal', 'Quebec', 'H2X3L7', 'Canada', 4, 5),
(3, 'Northern Suites Ottawa Central', '313 Elgin St, Ottawa', 'Ottawa', 'Ontario', 'K2P1L6', 'Canada', 3, 5),
(3, 'Northern Suites Toronto Lakeside', '314 Front St W, Toronto', 'Toronto', 'Ontario', 'M5V2Y1', 'Canada', 4, 5),
(3, 'Northern Suites Vancouver Downtown', '315 Robson St, Vancouver', 'Vancouver', 'British Columbia', 'V6B2B8', 'Canada', 5, 5),
(3, 'Northern Suites Calgary Downtown', '316 Centre St S, Calgary', 'Calgary', 'Alberta', 'T2G2B6', 'Canada', 4, 5),
(3, 'Northern Suites Saskatoon', '317 2nd Ave S, Saskatoon', 'Saskatoon', 'Saskatchewan', 'S7K1K7', 'Canada', 3, 5),
(3, 'Northern Suites Victoria Harbour', '318 Douglas St, Victoria', 'Victoria', 'British Columbia', 'V8W2B6', 'Canada', 4, 5),
(4, 'Maple Leaf Ottawa Centre', '411 Sussex Dr, Ottawa', 'Ottawa', 'Ontario', 'K1N1J1', 'Canada', 4, 5),
(4, 'Maple Leaf Toronto Centre', '412 Bloor St W, Toronto', 'Toronto', 'Ontario', 'M5S1X5', 'Canada', 4, 5),
(4, 'Maple Leaf Montreal Centre', '413 Rene-Levesque Blvd, Montreal', 'Montreal', 'Quebec', 'H2Z1A4', 'Canada', 5, 5),
(4, 'Maple Leaf Vancouver Centre', '414 Burrard St, Vancouver', 'Vancouver', 'British Columbia', 'V6C2R7', 'Canada', 5, 5),
(4, 'Maple Leaf Calgary Centre', '415 Stephen Ave, Calgary', 'Calgary', 'Alberta', 'T2P1J9', 'Canada', 4, 5),
(4, 'Maple Leaf Halifax Centre', '416 Spring Garden Rd, Halifax', 'Halifax', 'Nova Scotia', 'B3J1X8', 'Canada', 3, 5),
(4, 'Maple Leaf Regina Centre', '417 Albert St, Regina', 'Regina', 'Saskatchewan', 'S4R2N8', 'Canada', 3, 5),
(4, 'Maple Leaf St Johns Centre', '418 Water St, St. John''s', 'St. John''s', 'Newfoundland and Labrador', 'A1C1A1', 'Canada', 3, 5),
(5, 'Urban Escape Ottawa Plaza', '511 Preston St, Ottawa', 'Ottawa', 'Ontario', 'K1S4N7', 'Canada', 4, 5),
(5, 'Urban Escape Toronto Plaza', '512 Dundas St W, Toronto', 'Toronto', 'Ontario', 'M5T1G9', 'Canada', 5, 5),
(5, 'Urban Escape Montreal Plaza', '513 Saint-Laurent Blvd, Montreal', 'Montreal', 'Quebec', 'H2X2T1', 'Canada', 4, 5),
(5, 'Urban Escape Vancouver Plaza', '514 Davie St, Vancouver', 'Vancouver', 'British Columbia', 'V6B5Z6', 'Canada', 5, 5),
(5, 'Urban Escape Calgary Plaza', '515 17 Ave SW, Calgary', 'Calgary', 'Alberta', 'T2T0A1', 'Canada', 4, 5),
(5, 'Urban Escape Quebec City Plaza', '516 Rue Saint-Jean, Quebec City', 'Quebec City', 'Quebec', 'G1R1P8', 'Canada', 3, 5),
(5, 'Urban Escape London Plaza', '517 Dundas St, London', 'London', 'Ontario', 'N6B1W1', 'Canada', 3, 5),
(5, 'Urban Escape Kingston Plaza', '518 Princess St, Kingston', 'Kingston', 'Ontario', 'K7L1C5', 'Canada', 4, 5);


-- =========================================================
-- HOTEL EMAILS
-- =========================================================
INSERT INTO hotel_email (hotel_id, email) VALUES
(1, 'luxury.stay.ottawa.downtown@luxurystay.com'),
(2, 'luxury.stay.ottawa.west@luxurystay.com'),
(3, 'luxury.stay.toronto.central@luxurystay.com'),
(4, 'luxury.stay.toronto.north@luxurystay.com'),
(5, 'luxury.stay.montreal.centre@luxurystay.com'),
(6, 'luxury.stay.vancouver.harbour@luxurystay.com'),
(7, 'luxury.stay.calgary.plaza@luxurystay.com'),
(8, 'luxury.stay.halifax.waterfront@luxurystay.com'),
(9, 'comfort.inn.ottawa.east@comfortinns.com'),
(10, 'comfort.inn.ottawa.south@comfortinns.com'),
(11, 'comfort.inn.toronto.west@comfortinns.com'),
(12, 'comfort.inn.toronto.east@comfortinns.com'),
(13, 'comfort.inn.montreal.old.port@comfortinns.com'),
(14, 'comfort.inn.quebec.city@comfortinns.com'),
(15, 'comfort.inn.winnipeg.central@comfortinns.com'),
(16, 'comfort.inn.edmonton.mall@comfortinns.com'),
(17, 'northern.suites.montreal.downtown@northernsuites.com'),
(18, 'northern.suites.montreal.north@northernsuites.com'),
(19, 'northern.suites.ottawa.central@northernsuites.com'),
(20, 'northern.suites.toronto.lakeside@northernsuites.com'),
(21, 'northern.suites.vancouver.downtown@northernsuites.com'),
(22, 'northern.suites.calgary.downtown@northernsuites.com'),
(23, 'northern.suites.saskatoon@northernsuites.com'),
(24, 'northern.suites.victoria.harbour@northernsuites.com'),
(25, 'maple.leaf.ottawa.centre@mapleleafhotels.com'),
(26, 'maple.leaf.toronto.centre@mapleleafhotels.com'),
(27, 'maple.leaf.montreal.centre@mapleleafhotels.com'),
(28, 'maple.leaf.vancouver.centre@mapleleafhotels.com'),
(29, 'maple.leaf.calgary.centre@mapleleafhotels.com'),
(30, 'maple.leaf.halifax.centre@mapleleafhotels.com'),
(31, 'maple.leaf.regina.centre@mapleleafhotels.com'),
(32, 'maple.leaf.st.johns.centre@mapleleafhotels.com'),
(33, 'urban.escape.ottawa.plaza@urbanescape.com'),
(34, 'urban.escape.toronto.plaza@urbanescape.com'),
(35, 'urban.escape.montreal.plaza@urbanescape.com'),
(36, 'urban.escape.vancouver.plaza@urbanescape.com'),
(37, 'urban.escape.calgary.plaza@urbanescape.com'),
(38, 'urban.escape.quebec.city.plaza@urbanescape.com'),
(39, 'urban.escape.london.plaza@urbanescape.com'),
(40, 'urban.escape.kingston.plaza@urbanescape.com');


-- =========================================================
-- HOTEL PHONES
-- =========================================================
INSERT INTO hotel_phone (hotel_id, phone_number) VALUES
(1, '613-555-1001'),
(2, '613-555-1002'),
(3, '613-555-1003'),
(4, '613-555-1004'),
(5, '613-555-1005'),
(6, '613-555-1006'),
(7, '613-555-1007'),
(8, '613-555-1008'),
(9, '613-555-1009'),
(10, '613-555-1010'),
(11, '613-555-1011'),
(12, '613-555-1012'),
(13, '613-555-1013'),
(14, '613-555-1014'),
(15, '613-555-1015'),
(16, '613-555-1016'),
(17, '613-555-1017'),
(18, '613-555-1018'),
(19, '613-555-1019'),
(20, '613-555-1020'),
(21, '613-555-1021'),
(22, '613-555-1022'),
(23, '613-555-1023'),
(24, '613-555-1024'),
(25, '613-555-1025'),
(26, '613-555-1026'),
(27, '613-555-1027'),
(28, '613-555-1028'),
(29, '613-555-1029'),
(30, '613-555-1030'),
(31, '613-555-1031'),
(32, '613-555-1032'),
(33, '613-555-1033'),
(34, '613-555-1034'),
(35, '613-555-1035'),
(36, '613-555-1036'),
(37, '613-555-1037'),
(38, '613-555-1038'),
(39, '613-555-1039'),
(40, '613-555-1040');


-- =========================================================
-- ROOMS
-- 5 rooms per hotel x 40 hotels = 200 rooms
-- =========================================================
INSERT INTO room (hotel_id, price, capacity, view_type, is_extendable) VALUES
(1, 150.00, 'single', 'mountain', FALSE),
(1, 200.00, 'double', 'mountain', TRUE),
(1, 260.00, 'triple', 'sea', TRUE),
(1, 400.00, 'suite', 'sea', TRUE),
(1, 220.00, 'double', 'mountain', FALSE),
(2, 150.00, 'single', 'mountain', FALSE),
(2, 200.00, 'double', 'mountain', TRUE),
(2, 260.00, 'triple', 'sea', TRUE),
(2, 400.00, 'suite', 'sea', TRUE),
(2, 220.00, 'double', 'mountain', FALSE),
(3, 150.00, 'single', 'mountain', FALSE),
(3, 200.00, 'double', 'mountain', TRUE),
(3, 260.00, 'triple', 'sea', TRUE),
(3, 400.00, 'suite', 'sea', TRUE),
(3, 220.00, 'double', 'mountain', FALSE),
(4, 150.00, 'single', 'mountain', FALSE),
(4, 200.00, 'double', 'mountain', TRUE),
(4, 260.00, 'triple', 'sea', TRUE),
(4, 400.00, 'suite', 'sea', TRUE),
(4, 220.00, 'double', 'mountain', FALSE),
(5, 150.00, 'single', 'mountain', FALSE),
(5, 200.00, 'double', 'mountain', TRUE),
(5, 260.00, 'triple', 'sea', TRUE),
(5, 400.00, 'suite', 'sea', TRUE),
(5, 220.00, 'double', 'mountain', FALSE),
(6, 150.00, 'single', 'mountain', FALSE),
(6, 200.00, 'double', 'mountain', TRUE),
(6, 260.00, 'triple', 'sea', TRUE),
(6, 400.00, 'suite', 'sea', TRUE),
(6, 220.00, 'double', 'mountain', FALSE),
(7, 150.00, 'single', 'mountain', FALSE),
(7, 200.00, 'double', 'mountain', TRUE),
(7, 260.00, 'triple', 'sea', TRUE),
(7, 400.00, 'suite', 'sea', TRUE),
(7, 220.00, 'double', 'mountain', FALSE),
(8, 150.00, 'single', 'mountain', FALSE),
(8, 200.00, 'double', 'mountain', TRUE),
(8, 260.00, 'triple', 'sea', TRUE),
(8, 400.00, 'suite', 'sea', TRUE),
(8, 220.00, 'double', 'mountain', FALSE),
(9, 150.00, 'single', 'mountain', FALSE),
(9, 200.00, 'double', 'mountain', TRUE),
(9, 260.00, 'triple', 'sea', TRUE),
(9, 400.00, 'suite', 'sea', TRUE),
(9, 220.00, 'double', 'mountain', FALSE),
(10, 150.00, 'single', 'mountain', FALSE),
(10, 200.00, 'double', 'mountain', TRUE),
(10, 260.00, 'triple', 'sea', TRUE),
(10, 400.00, 'suite', 'sea', TRUE),
(10, 220.00, 'double', 'mountain', FALSE),
(11, 150.00, 'single', 'mountain', FALSE),
(11, 200.00, 'double', 'mountain', TRUE),
(11, 260.00, 'triple', 'sea', TRUE),
(11, 400.00, 'suite', 'sea', TRUE),
(11, 220.00, 'double', 'mountain', FALSE),
(12, 150.00, 'single', 'mountain', FALSE),
(12, 200.00, 'double', 'mountain', TRUE),
(12, 260.00, 'triple', 'sea', TRUE),
(12, 400.00, 'suite', 'sea', TRUE),
(12, 220.00, 'double', 'mountain', FALSE),
(13, 150.00, 'single', 'mountain', FALSE),
(13, 200.00, 'double', 'mountain', TRUE),
(13, 260.00, 'triple', 'sea', TRUE),
(13, 400.00, 'suite', 'sea', TRUE),
(13, 220.00, 'double', 'mountain', FALSE),
(14, 150.00, 'single', 'mountain', FALSE),
(14, 200.00, 'double', 'mountain', TRUE),
(14, 260.00, 'triple', 'sea', TRUE),
(14, 400.00, 'suite', 'sea', TRUE),
(14, 220.00, 'double', 'mountain', FALSE),
(15, 150.00, 'single', 'mountain', FALSE),
(15, 200.00, 'double', 'mountain', TRUE),
(15, 260.00, 'triple', 'sea', TRUE),
(15, 400.00, 'suite', 'sea', TRUE),
(15, 220.00, 'double', 'mountain', FALSE),
(16, 150.00, 'single', 'mountain', FALSE),
(16, 200.00, 'double', 'mountain', TRUE),
(16, 260.00, 'triple', 'sea', TRUE),
(16, 400.00, 'suite', 'sea', TRUE),
(16, 220.00, 'double', 'mountain', FALSE),
(17, 150.00, 'single', 'mountain', FALSE),
(17, 200.00, 'double', 'mountain', TRUE),
(17, 260.00, 'triple', 'sea', TRUE),
(17, 400.00, 'suite', 'sea', TRUE),
(17, 220.00, 'double', 'mountain', FALSE),
(18, 150.00, 'single', 'mountain', FALSE),
(18, 200.00, 'double', 'mountain', TRUE),
(18, 260.00, 'triple', 'sea', TRUE),
(18, 400.00, 'suite', 'sea', TRUE),
(18, 220.00, 'double', 'mountain', FALSE),
(19, 150.00, 'single', 'mountain', FALSE),
(19, 200.00, 'double', 'mountain', TRUE),
(19, 260.00, 'triple', 'sea', TRUE),
(19, 400.00, 'suite', 'sea', TRUE),
(19, 220.00, 'double', 'mountain', FALSE),
(20, 150.00, 'single', 'mountain', FALSE),
(20, 200.00, 'double', 'mountain', TRUE),
(20, 260.00, 'triple', 'sea', TRUE),
(20, 400.00, 'suite', 'sea', TRUE),
(20, 220.00, 'double', 'mountain', FALSE),
(21, 150.00, 'single', 'mountain', FALSE),
(21, 200.00, 'double', 'mountain', TRUE),
(21, 260.00, 'triple', 'sea', TRUE),
(21, 400.00, 'suite', 'sea', TRUE),
(21, 220.00, 'double', 'mountain', FALSE),
(22, 150.00, 'single', 'mountain', FALSE),
(22, 200.00, 'double', 'mountain', TRUE),
(22, 260.00, 'triple', 'sea', TRUE),
(22, 400.00, 'suite', 'sea', TRUE),
(22, 220.00, 'double', 'mountain', FALSE),
(23, 150.00, 'single', 'mountain', FALSE),
(23, 200.00, 'double', 'mountain', TRUE),
(23, 260.00, 'triple', 'sea', TRUE),
(23, 400.00, 'suite', 'sea', TRUE),
(23, 220.00, 'double', 'mountain', FALSE),
(24, 150.00, 'single', 'mountain', FALSE),
(24, 200.00, 'double', 'mountain', TRUE),
(24, 260.00, 'triple', 'sea', TRUE),
(24, 400.00, 'suite', 'sea', TRUE),
(24, 220.00, 'double', 'mountain', FALSE),
(25, 150.00, 'single', 'mountain', FALSE),
(25, 200.00, 'double', 'mountain', TRUE),
(25, 260.00, 'triple', 'sea', TRUE),
(25, 400.00, 'suite', 'sea', TRUE),
(25, 220.00, 'double', 'mountain', FALSE),
(26, 150.00, 'single', 'mountain', FALSE),
(26, 200.00, 'double', 'mountain', TRUE),
(26, 260.00, 'triple', 'sea', TRUE),
(26, 400.00, 'suite', 'sea', TRUE),
(26, 220.00, 'double', 'mountain', FALSE),
(27, 150.00, 'single', 'mountain', FALSE),
(27, 200.00, 'double', 'mountain', TRUE),
(27, 260.00, 'triple', 'sea', TRUE),
(27, 400.00, 'suite', 'sea', TRUE),
(27, 220.00, 'double', 'mountain', FALSE),
(28, 150.00, 'single', 'mountain', FALSE),
(28, 200.00, 'double', 'mountain', TRUE),
(28, 260.00, 'triple', 'sea', TRUE),
(28, 400.00, 'suite', 'sea', TRUE),
(28, 220.00, 'double', 'mountain', FALSE),
(29, 150.00, 'single', 'mountain', FALSE),
(29, 200.00, 'double', 'mountain', TRUE),
(29, 260.00, 'triple', 'sea', TRUE),
(29, 400.00, 'suite', 'sea', TRUE),
(29, 220.00, 'double', 'mountain', FALSE),
(30, 150.00, 'single', 'mountain', FALSE),
(30, 200.00, 'double', 'mountain', TRUE),
(30, 260.00, 'triple', 'sea', TRUE),
(30, 400.00, 'suite', 'sea', TRUE),
(30, 220.00, 'double', 'mountain', FALSE),
(31, 150.00, 'single', 'mountain', FALSE),
(31, 200.00, 'double', 'mountain', TRUE),
(31, 260.00, 'triple', 'sea', TRUE),
(31, 400.00, 'suite', 'sea', TRUE),
(31, 220.00, 'double', 'mountain', FALSE),
(32, 150.00, 'single', 'mountain', FALSE),
(32, 200.00, 'double', 'mountain', TRUE),
(32, 260.00, 'triple', 'sea', TRUE),
(32, 400.00, 'suite', 'sea', TRUE),
(32, 220.00, 'double', 'mountain', FALSE),
(33, 150.00, 'single', 'mountain', FALSE),
(33, 200.00, 'double', 'mountain', TRUE),
(33, 260.00, 'triple', 'sea', TRUE),
(33, 400.00, 'suite', 'sea', TRUE),
(33, 220.00, 'double', 'mountain', FALSE),
(34, 150.00, 'single', 'mountain', FALSE),
(34, 200.00, 'double', 'mountain', TRUE),
(34, 260.00, 'triple', 'sea', TRUE),
(34, 400.00, 'suite', 'sea', TRUE),
(34, 220.00, 'double', 'mountain', FALSE),
(35, 150.00, 'single', 'mountain', FALSE),
(35, 200.00, 'double', 'mountain', TRUE),
(35, 260.00, 'triple', 'sea', TRUE),
(35, 400.00, 'suite', 'sea', TRUE),
(35, 220.00, 'double', 'mountain', FALSE),
(36, 150.00, 'single', 'mountain', FALSE),
(36, 200.00, 'double', 'mountain', TRUE),
(36, 260.00, 'triple', 'sea', TRUE),
(36, 400.00, 'suite', 'sea', TRUE),
(36, 220.00, 'double', 'mountain', FALSE),
(37, 150.00, 'single', 'mountain', FALSE),
(37, 200.00, 'double', 'mountain', TRUE),
(37, 260.00, 'triple', 'sea', TRUE),
(37, 400.00, 'suite', 'sea', TRUE),
(37, 220.00, 'double', 'mountain', FALSE),
(38, 150.00, 'single', 'mountain', FALSE),
(38, 200.00, 'double', 'mountain', TRUE),
(38, 260.00, 'triple', 'sea', TRUE),
(38, 400.00, 'suite', 'sea', TRUE),
(38, 220.00, 'double', 'mountain', FALSE),
(39, 150.00, 'single', 'mountain', FALSE),
(39, 200.00, 'double', 'mountain', TRUE),
(39, 260.00, 'triple', 'sea', TRUE),
(39, 400.00, 'suite', 'sea', TRUE),
(39, 220.00, 'double', 'mountain', FALSE),
(40, 150.00, 'single', 'mountain', FALSE),
(40, 200.00, 'double', 'mountain', TRUE),
(40, 260.00, 'triple', 'sea', TRUE),
(40, 400.00, 'suite', 'sea', TRUE),
(40, 220.00, 'double', 'mountain', FALSE);


-- =========================================================
-- ROOM ISSUES
-- =========================================================
INSERT INTO room_issue (room_id, type, description, status, reported_at, resolved_at) VALUES
(2, 'plumbing', 'Bathroom sink leaking', 'open', '2026-03-20 10:00:00', NULL),
(24, 'electrical', 'Lamp not working', 'fixed', '2026-03-15 14:30:00', '2026-03-16 11:00:00'),
(57, 'cleaning', 'Room not cleaned properly', 'open', '2026-03-25 09:15:00', NULL),
(88, 'furniture', 'Chair leg is broken', 'fixed', '2026-03-18 08:45:00', '2026-03-19 10:00:00'),
(140, 'window', 'Window lock needs repair', 'open', '2026-03-28 16:20:00', NULL);


-- =========================================================
-- AMENITIES
-- =========================================================
INSERT INTO amenity (amenity_name) VALUES
('WiFi'),
('TV'),
('Air Conditioning'),
('Mini Bar'),
('Balcony'),
('Coffee Machine');


-- =========================================================
-- ROOM AMENITIES
-- Added for the first 40 rooms to support amenity queries/demo
-- =========================================================
INSERT INTO room_amenity (room_id, amenity_id) VALUES
(1, 1),
(1, 2),
(2, 1),
(2, 2),
(2, 3),
(3, 1),
(3, 2),
(3, 3),
(4, 1),
(4, 2),
(4, 3),
(4, 4),
(4, 5),
(5, 1),
(5, 2),
(5, 3),
(5, 4),
(5, 6),
(6, 1),
(6, 2),
(7, 1),
(7, 2),
(7, 3),
(8, 1),
(8, 2),
(8, 3),
(9, 1),
(9, 2),
(9, 3),
(9, 4),
(9, 5),
(10, 1),
(10, 2),
(10, 3),
(10, 4),
(10, 6),
(11, 1),
(11, 2),
(12, 1),
(12, 2),
(12, 3),
(13, 1),
(13, 2),
(13, 3),
(14, 1),
(14, 2),
(14, 3),
(14, 4),
(14, 5),
(15, 1),
(15, 2),
(15, 3),
(15, 4),
(15, 6),
(16, 1),
(16, 2),
(17, 1),
(17, 2),
(17, 3),
(18, 1),
(18, 2),
(18, 3),
(19, 1),
(19, 2),
(19, 3),
(19, 4),
(19, 5),
(20, 1),
(20, 2),
(20, 3),
(20, 4),
(20, 6),
(21, 1),
(21, 2),
(22, 1),
(22, 2),
(22, 3),
(23, 1),
(23, 2),
(23, 3),
(24, 1),
(24, 2),
(24, 3),
(24, 4),
(24, 5),
(25, 1),
(25, 2),
(25, 3),
(25, 4),
(25, 6),
(26, 1),
(26, 2),
(27, 1),
(27, 2),
(27, 3),
(28, 1),
(28, 2),
(28, 3),
(29, 1),
(29, 2),
(29, 3),
(29, 4),
(29, 5),
(30, 1),
(30, 2),
(30, 3),
(30, 4),
(30, 6),
(31, 1),
(31, 2),
(32, 1),
(32, 2),
(32, 3),
(33, 1),
(33, 2),
(33, 3),
(34, 1),
(34, 2),
(34, 3),
(34, 4),
(34, 5),
(35, 1),
(35, 2),
(35, 3),
(35, 4),
(35, 6),
(36, 1),
(36, 2),
(37, 1),
(37, 2),
(37, 3),
(38, 1),
(38, 2),
(38, 3),
(39, 1),
(39, 2),
(39, 3),
(39, 4),
(39, 5),
(40, 1),
(40, 2),
(40, 3),
(40, 4),
(40, 6);


-- =========================================================
-- CUSTOMERS
-- =========================================================
INSERT INTO customer (full_name, email, password_hash, address, city, state, postal_code, country, id_type, id_number, registration_date) VALUES
('Fdaa Alhalaki', 'fdaa.alhalaki@example.com', 'hashed_password_1', '12 Main St', 'Ottawa', 'Ontario', 'K1K1K1', 'Canada', 'passport', 'PA123456', '2026-01-10'),
('John Smith', 'john.smith@example.com', 'hashed_password_2', '45 Queen St', 'Toronto', 'Ontario', 'M5H2N2', 'Canada', 'driver_license', 'DL987654', '2026-01-15'),
('Sara Ahmed', 'sara.ahmed@example.com', 'hashed_password_3', '77 Bank St', 'Ottawa', 'Ontario', 'K2P1X5', 'Canada', 'passport', 'PA654321', '2026-02-01'),
('Lina Chen', 'lina.chen@example.com', 'hashed_password_4', '90 Pine Ave', 'Montreal', 'Quebec', 'H2X3Y7', 'Canada', 'health_card', 'HC456789', '2026-02-12'),
('Noah Patel', 'noah.patel@example.com', 'hashed_password_5', '15 Water St', 'Halifax', 'Nova Scotia', 'B3H1A1', 'Canada', 'passport', 'PA111111', '2026-02-18'),
('Emma Roy', 'emma.roy@example.com', 'hashed_password_6', '22 King St', 'Toronto', 'Ontario', 'M5H1A1', 'Canada', 'passport', 'PA222222', '2026-02-20'),
('Lucas Martin', 'lucas.martin@example.com', 'hashed_password_7', '31 Peel St', 'Montreal', 'Quebec', 'H3B1A1', 'Canada', 'driver_license', 'DL333333', '2026-02-25'),
('Ava Thompson', 'ava.thompson@example.com', 'hashed_password_8', '44 Elgin St', 'Ottawa', 'Ontario', 'K1P1A1', 'Canada', 'passport', 'PA444444', '2026-03-01'),
('Mason Lee', 'mason.lee@example.com', 'hashed_password_9', '55 Granville St', 'Vancouver', 'British Columbia', 'V6C1A1', 'Canada', 'passport', 'PA555555', '2026-03-04'),
('Olivia Brown', 'olivia.brown@example.com', 'hashed_password_10', '66 Jasper Ave', 'Edmonton', 'Alberta', 'T5J1A1', 'Canada', 'driver_license', 'DL666666', '2026-03-08');


-- =========================================================
-- EMPLOYEES
-- 40 managers + 5 extra staff
-- =========================================================
INSERT INTO employee (hotel_id, full_name, email, password_hash, address, city, state, postal_code, country, ssn_sin) VALUES
(1, 'Manager 01', 'manager01@ehotels.com', 'hashed_manager_01', '1001 Main St', 'Ottawa', 'Ontario', 'X011Y01', 'Canada', 'SINM00001'),
(2, 'Manager 02', 'manager02@ehotels.com', 'hashed_manager_02', '1002 Main St', 'Ottawa', 'Ontario', 'X021Y02', 'Canada', 'SINM00002'),
(3, 'Manager 03', 'manager03@ehotels.com', 'hashed_manager_03', '1003 Main St', 'Toronto', 'Ontario', 'X031Y03', 'Canada', 'SINM00003'),
(4, 'Manager 04', 'manager04@ehotels.com', 'hashed_manager_04', '1004 Main St', 'Toronto', 'Ontario', 'X041Y04', 'Canada', 'SINM00004'),
(5, 'Manager 05', 'manager05@ehotels.com', 'hashed_manager_05', '1005 Main St', 'Montreal', 'Quebec', 'X051Y05', 'Canada', 'SINM00005'),
(6, 'Manager 06', 'manager06@ehotels.com', 'hashed_manager_06', '1006 Main St', 'Vancouver', 'British Columbia', 'X061Y06', 'Canada', 'SINM00006'),
(7, 'Manager 07', 'manager07@ehotels.com', 'hashed_manager_07', '1007 Main St', 'Calgary', 'Alberta', 'X071Y07', 'Canada', 'SINM00007'),
(8, 'Manager 08', 'manager08@ehotels.com', 'hashed_manager_08', '1008 Main St', 'Halifax', 'Nova Scotia', 'X081Y08', 'Canada', 'SINM00008'),
(9, 'Manager 09', 'manager09@ehotels.com', 'hashed_manager_09', '1009 Main St', 'Ottawa', 'Ontario', 'X091Y09', 'Canada', 'SINM00009'),
(10, 'Manager 10', 'manager10@ehotels.com', 'hashed_manager_10', '1010 Main St', 'Ottawa', 'Ontario', 'X101Y10', 'Canada', 'SINM00010'),
(11, 'Manager 11', 'manager11@ehotels.com', 'hashed_manager_11', '1011 Main St', 'Toronto', 'Ontario', 'X111Y11', 'Canada', 'SINM00011'),
(12, 'Manager 12', 'manager12@ehotels.com', 'hashed_manager_12', '1012 Main St', 'Toronto', 'Ontario', 'X121Y12', 'Canada', 'SINM00012'),
(13, 'Manager 13', 'manager13@ehotels.com', 'hashed_manager_13', '1013 Main St', 'Montreal', 'Quebec', 'X131Y13', 'Canada', 'SINM00013'),
(14, 'Manager 14', 'manager14@ehotels.com', 'hashed_manager_14', '1014 Main St', 'Quebec City', 'Quebec', 'X141Y14', 'Canada', 'SINM00014'),
(15, 'Manager 15', 'manager15@ehotels.com', 'hashed_manager_15', '1015 Main St', 'Winnipeg', 'Manitoba', 'X151Y15', 'Canada', 'SINM00015'),
(16, 'Manager 16', 'manager16@ehotels.com', 'hashed_manager_16', '1016 Main St', 'Edmonton', 'Alberta', 'X161Y16', 'Canada', 'SINM00016'),
(17, 'Manager 17', 'manager17@ehotels.com', 'hashed_manager_17', '1017 Main St', 'Montreal', 'Quebec', 'X171Y17', 'Canada', 'SINM00017'),
(18, 'Manager 18', 'manager18@ehotels.com', 'hashed_manager_18', '1018 Main St', 'Montreal', 'Quebec', 'X181Y18', 'Canada', 'SINM00018'),
(19, 'Manager 19', 'manager19@ehotels.com', 'hashed_manager_19', '1019 Main St', 'Ottawa', 'Ontario', 'X191Y19', 'Canada', 'SINM00019'),
(20, 'Manager 20', 'manager20@ehotels.com', 'hashed_manager_20', '1020 Main St', 'Toronto', 'Ontario', 'X201Y20', 'Canada', 'SINM00020'),
(21, 'Manager 21', 'manager21@ehotels.com', 'hashed_manager_21', '1021 Main St', 'Vancouver', 'British Columbia', 'X211Y21', 'Canada', 'SINM00021'),
(22, 'Manager 22', 'manager22@ehotels.com', 'hashed_manager_22', '1022 Main St', 'Calgary', 'Alberta', 'X221Y22', 'Canada', 'SINM00022'),
(23, 'Manager 23', 'manager23@ehotels.com', 'hashed_manager_23', '1023 Main St', 'Saskatoon', 'Saskatchewan', 'X231Y23', 'Canada', 'SINM00023'),
(24, 'Manager 24', 'manager24@ehotels.com', 'hashed_manager_24', '1024 Main St', 'Victoria', 'British Columbia', 'X241Y24', 'Canada', 'SINM00024'),
(25, 'Manager 25', 'manager25@ehotels.com', 'hashed_manager_25', '1025 Main St', 'Ottawa', 'Ontario', 'X251Y25', 'Canada', 'SINM00025'),
(26, 'Manager 26', 'manager26@ehotels.com', 'hashed_manager_26', '1026 Main St', 'Toronto', 'Ontario', 'X261Y26', 'Canada', 'SINM00026'),
(27, 'Manager 27', 'manager27@ehotels.com', 'hashed_manager_27', '1027 Main St', 'Montreal', 'Quebec', 'X271Y27', 'Canada', 'SINM00027'),
(28, 'Manager 28', 'manager28@ehotels.com', 'hashed_manager_28', '1028 Main St', 'Vancouver', 'British Columbia', 'X281Y28', 'Canada', 'SINM00028'),
(29, 'Manager 29', 'manager29@ehotels.com', 'hashed_manager_29', '1029 Main St', 'Calgary', 'Alberta', 'X291Y29', 'Canada', 'SINM00029'),
(30, 'Manager 30', 'manager30@ehotels.com', 'hashed_manager_30', '1030 Main St', 'Halifax', 'Nova Scotia', 'X301Y30', 'Canada', 'SINM00030'),
(31, 'Manager 31', 'manager31@ehotels.com', 'hashed_manager_31', '1031 Main St', 'Regina', 'Saskatchewan', 'X311Y31', 'Canada', 'SINM00031'),
(32, 'Manager 32', 'manager32@ehotels.com', 'hashed_manager_32', '1032 Main St', 'St. John''s', 'Newfoundland and Labrador', 'X321Y32', 'Canada', 'SINM00032'),
(33, 'Manager 33', 'manager33@ehotels.com', 'hashed_manager_33', '1033 Main St', 'Ottawa', 'Ontario', 'X331Y33', 'Canada', 'SINM00033'),
(34, 'Manager 34', 'manager34@ehotels.com', 'hashed_manager_34', '1034 Main St', 'Toronto', 'Ontario', 'X341Y34', 'Canada', 'SINM00034'),
(35, 'Manager 35', 'manager35@ehotels.com', 'hashed_manager_35', '1035 Main St', 'Montreal', 'Quebec', 'X351Y35', 'Canada', 'SINM00035'),
(36, 'Manager 36', 'manager36@ehotels.com', 'hashed_manager_36', '1036 Main St', 'Vancouver', 'British Columbia', 'X361Y36', 'Canada', 'SINM00036'),
(37, 'Manager 37', 'manager37@ehotels.com', 'hashed_manager_37', '1037 Main St', 'Calgary', 'Alberta', 'X371Y37', 'Canada', 'SINM00037'),
(38, 'Manager 38', 'manager38@ehotels.com', 'hashed_manager_38', '1038 Main St', 'Quebec City', 'Quebec', 'X381Y38', 'Canada', 'SINM00038'),
(39, 'Manager 39', 'manager39@ehotels.com', 'hashed_manager_39', '1039 Main St', 'London', 'Ontario', 'X391Y39', 'Canada', 'SINM00039'),
(40, 'Manager 40', 'manager40@ehotels.com', 'hashed_manager_40', '1040 Main St', 'Kingston', 'Ontario', 'X401Y40', 'Canada', 'SINM00040'),
(1, 'Receptionist 01', 'reception1@ehotels.com', 'hashed_reception_01', '2001 Main St', 'Ottawa', 'Ontario', 'R1A1A1', 'Canada', 'SINR00001'),
(2, 'Receptionist 02', 'reception2@ehotels.com', 'hashed_reception_02', '2002 Main St', 'Ottawa', 'Ontario', 'R1A1A2', 'Canada', 'SINR00002'),
(3, 'Receptionist 03', 'reception3@ehotels.com', 'hashed_reception_03', '2003 Main St', 'Toronto', 'Ontario', 'R1A1A3', 'Canada', 'SINR00003'),
(4, 'Housekeeping 01', 'housekeeping1@ehotels.com', 'hashed_housekeeping_01', '2004 Main St', 'Toronto', 'Ontario', 'R1A1A4', 'Canada', 'SINH00001'),
(5, 'Housekeeping 02', 'housekeeping2@ehotels.com', 'hashed_housekeeping_02', '2005 Main St', 'Montreal', 'Quebec', 'R1A1A5', 'Canada', 'SINH00002');


-- =========================================================
-- ROLES
-- =========================================================
INSERT INTO role (role_name) VALUES
('manager'),
('receptionist'),
('housekeeping');


-- =========================================================
-- EMPLOYEE ROLES
-- =========================================================
INSERT INTO employee_role (employee_id, role_id) VALUES
(1, 1),
(2, 1),
(3, 1),
(4, 1),
(5, 1),
(6, 1),
(7, 1),
(8, 1),
(9, 1),
(10, 1),
(11, 1),
(12, 1),
(13, 1),
(14, 1),
(15, 1),
(16, 1),
(17, 1),
(18, 1),
(19, 1),
(20, 1),
(21, 1),
(22, 1),
(23, 1),
(24, 1),
(25, 1),
(26, 1),
(27, 1),
(28, 1),
(29, 1),
(30, 1),
(31, 1),
(32, 1),
(33, 1),
(34, 1),
(35, 1),
(36, 1),
(37, 1),
(38, 1),
(39, 1),
(40, 1),
(41, 2),
(42, 2),
(43, 2),
(44, 3),
(45, 3);


-- =========================================================
-- MANAGES
-- One manager per hotel
-- =========================================================
INSERT INTO manages (hotel_id, employee_id) VALUES
(1, 1),
(2, 2),
(3, 3),
(4, 4),
(5, 5),
(6, 6),
(7, 7),
(8, 8),
(9, 9),
(10, 10),
(11, 11),
(12, 12),
(13, 13),
(14, 14),
(15, 15),
(16, 16),
(17, 17),
(18, 18),
(19, 19),
(20, 20),
(21, 21),
(22, 22),
(23, 23),
(24, 24),
(25, 25),
(26, 26),
(27, 27),
(28, 28),
(29, 29),
(30, 30),
(31, 31),
(32, 32),
(33, 33),
(34, 34),
(35, 35),
(36, 36),
(37, 37),
(38, 38),
(39, 39),
(40, 40);


-- =========================================================
-- BOOKINGS
-- =========================================================
INSERT INTO booking (customer_id, room_id, start_date, end_date, created_at, status) VALUES
(1, 3, '2026-04-20', '2026-04-24', '2026-04-01 10:00:00', 'active'),
(2, 8, '2026-04-21', '2026-04-25', '2026-04-02 11:00:00', 'active'),
(3, 17, '2026-05-01', '2026-05-05', '2026-04-03 12:00:00', 'completed'),
(4, 26, '2026-05-03', '2026-05-06', '2026-04-03 12:30:00', 'completed'),
(5, 34, '2026-05-10', '2026-05-12', '2026-04-04 09:15:00', 'cancelled'),
(6, 45, '2026-05-15', '2026-05-18', '2026-04-04 14:20:00', 'archived'),
(7, 58, '2026-05-20', '2026-05-23', '2026-04-05 08:00:00', 'active'),
(8, 79, '2026-05-22', '2026-05-26', '2026-04-05 09:30:00', 'active'),
(9, 101, '2026-06-01', '2026-06-04', '2026-04-06 13:10:00', 'completed'),
(10, 123, '2026-06-08', '2026-06-12', '2026-04-07 16:40:00', 'archived');


-- =========================================================
-- RENTINGS
-- =========================================================
INSERT INTO renting (customer_id, room_id, employee_id, checkin_date, checkout_date, status) VALUES
(1, 1, 41, '2026-04-02', '2026-04-05', 'active'),
(2, 6, 42, '2026-04-01', '2026-04-03', 'completed'),
(3, 11, 43, '2026-04-03', '2026-04-06', 'active'),
(4, 16, 1, '2026-04-02', '2026-04-04', 'completed'),
(5, 21, 2, '2026-04-04', '2026-04-08', 'completed'),
(6, 31, 41, '2026-04-10', '2026-04-12', 'active');


-- =========================================================
-- PAYMENTS
-- =========================================================
INSERT INTO payment (renting_id, amount, payment_date, method) VALUES
(1, 450.00, '2026-04-02 15:00:00', 'credit_card'),
(2, 200.00, '2026-04-01 12:00:00', 'debit_card'),
(3, 260.00, '2026-04-03 17:30:00', 'cash'),
(4, 220.00, '2026-04-02 11:45:00', 'online'),
(5, 150.00, '2026-04-04 18:20:00', 'credit_card'),
(6, 400.00, '2026-04-10 13:25:00', 'debit_card');